Transaction Hash,Block Number,Timestamp,Date,Miner,Etherscan Link
0x101404cfd326517fd0dfa5653bc5488b6026a97f159e73f855cb29bb93158f27,22890653,1752173111,2025-07-10 18:45:11,0x00000F91109c4d0007e90000D9facAD5298A0CAc,https://etherscan.io/tx/0x101404cfd326517fd0dfa5653bc5488b6026a97f159e73f855cb29bb93158f27
0xa62426bf1e6935199fbd25052a3f242563eb3bdd9df573ac7390a731537a909b,22890641,1752172967,2025-07-10 18:42:47,0x00000F91109c4d0007e90000D9facAD5298A0CAc,https://etherscan.io/tx/0xa62426bf1e6935199fbd25052a3f242563eb3bdd9df573ac7390a731537a909b
0x8bf57b5a9ee91f14774e1cd2d9b57bcc79456c3e0647d602d8e37b223fa96632,22890604,1752172523,2025-07-10 18:35:23,0x00000F91109c4d0007e90000D9facAD5298A0CAc,https://etherscan.io/tx/0x8bf57b5a9ee91f14774e1cd2d9b57bcc79456c3e0647d602d8e37b223fa96632
0xea3a019216a7d9b18fd1654fe4836e073d6519784d00bd73c64907abf27b8b9d,22890594,1752172403,2025-07-10 18:33:23,0x00000F91109c4d0007e90000D9facAD5298A0CAc,https://etherscan.io/tx/0xea3a019216a7d9b18fd1654fe4836e073d6519784d00bd73c64907abf27b8b9d
0xacee9078a5c06616186e023aedbe17e682a840ed9717d456e2c2c690b3dc0378,22890573,1752172151,2025-07-10 18:29:11,0x00000F91109c4d0007e90000D9facAD5298A0CAc,https://etherscan.io/tx/0xacee9078a5c06616186e023aedbe17e682a840ed9717d456e2c2c690b3dc0378
0x5ac3cf79f43ddc740e9f3fe4b1e9685ce7c2c2ba0345ee4c42a9088176c7126a,22890549,1752171851,2025-07-10 18:24:11,0x00000F91109c4d0007e90000D9facAD5298A0CAc,https://etherscan.io/tx/0x5ac3cf79f43ddc740e9f3fe4b1e9685ce7c2c2ba0345ee4c42a9088176c7126a
0xf8026759fc2c88677dc042d30de2ea44cab8cbd72bb51216945e0ec7046a2d73,22890545,1752171803,2025-07-10 18:23:23,0x00000F91109c4d0007e90000D9facAD5298A0CAc,https://etherscan.io/tx/0xf8026759fc2c88677dc042d30de2ea44cab8cbd72bb51216945e0ec7046a2d73
0x9d2744da81b49756e12da7aeb42f063d6ad939757b877d36e75f913851c19ae7,22890489,1752171119,2025-07-10 18:11:59,0x00000F91109c4d0007e90000D9facAD5298A0CAc,https://etherscan.io/tx/0x9d2744da81b49756e12da7aeb42f063d6ad939757b877d36e75f913851c19ae7
0x2e9fa1ff77778cf36a0660c85a0b30d2ea019348842d0ce0e380971e8dee2c10,22890474,1752170939,2025-07-10 18:08:59,0x00000F91109c4d0007e90000D9facAD5298A0CAc,https://etherscan.io/tx/0x2e9fa1ff77778cf36a0660c85a0b30d2ea019348842d0ce0e380971e8dee2c10
0x81aa77bc7c25c7050479f48425cfe174a37b48fcc3e164027b718537ac3f341d,22890418,1752170267,2025-07-10 17:57:47,0x00000F91109c4d0007e90000D9facAD5298A0CAc,https://etherscan.io/tx/0x81aa77bc7c25c7050479f48425cfe174a37b48fcc3e164027b718537ac3f341d
0x32d219fb46566d2d2c798f8593d2d6437752dac0650313a010ae094891633d4a,22890383,1752169847,2025-07-10 17:50:47,0x00000F91109c4d0007e90000D9facAD5298A0CAc,https://etherscan.io/tx/0x32d219fb46566d2d2c798f8593d2d6437752dac0650313a010ae094891633d4a
0xbdf179bb2999be23a537231735615234bece595690e861122f96cdae85e06522,22887683,1752137267,2025-07-10 08:47:47,0x00000F91109c4d0007e90000D9facAD5298A0CAc,https://etherscan.io/tx/0xbdf179bb2999be23a537231735615234bece595690e861122f96cdae85e06522
0xde5c401c8433551a0c896d98a387bc60485c27218adbfdabd4ddd297293d77f1,22885366,1752109319,2025-07-10 01:01:59,0x00000F91109c4d0007e90000D9facAD5298A0CAc,https://etherscan.io/tx/0xde5c401c8433551a0c896d98a387bc60485c27218adbfdabd4ddd297293d77f1
0xb347fb54d5ed6be8523c242e944b99858318152045787ce2dda547b6cb386b45,22884765,1752102107,2025-07-09 23:01:47,0x00000F91109c4d0007e90000D9facAD5298A0CAc,https://etherscan.io/tx/0xb347fb54d5ed6be8523c242e944b99858318152045787ce2dda547b6cb386b45
0x41dc20f12532d505044cf446272a218e84dd99add04559c13ceb5edb457043df,22884755,1752101987,2025-07-09 22:59:47,0xA8e6eC134c60F21dC1A11AC386e21D5fEAfeC023,https://etherscan.io/tx/0x41dc20f12532d505044cf446272a218e84dd99add04559c13ceb5edb457043df
0x67f4c7e470ecdefce55bee5c4bfc5404a00905d80dd4eb25999b554c4687f12c,22884481,1752098663,2025-07-09 22:04:23,0x00000F91109c4d0007e90000D9facAD5298A0CAc,https://etherscan.io/tx/0x67f4c7e470ecdefce55bee5c4bfc5404a00905d80dd4eb25999b554c4687f12c
0xae12ecf91006cc8e5aab49a1ea7f59965c586d87b6745944f93eed0d5ecf9acf,22884418,1752097907,2025-07-09 21:51:47,0x00000F91109c4d0007e90000D9facAD5298A0CAc,https://etherscan.io/tx/0xae12ecf91006cc8e5aab49a1ea7f59965c586d87b6745944f93eed0d5ecf9acf
0x5e8c90d34a7fd7ffaa0fc0dc99a9cfa0752ac78f655da08553713ae72fbb17ee,22882904,1752079511,2025-07-09 16:45:11,0x00000F91109c4d0007e90000D9facAD5298A0CAc,https://etherscan.io/tx/0x5e8c90d34a7fd7ffaa0fc0dc99a9cfa0752ac78f655da08553713ae72fbb17ee
0xdab97b5064d5108966d92962137670425d84b130770198c01f92ae13cc94f0b1,22879655,1752040259,2025-07-09 05:50:59,0x00000F91109c4d0007e90000D9facAD5298A0CAc,https://etherscan.io/tx/0xdab97b5064d5108966d92962137670425d84b130770198c01f92ae13cc94f0b1